kms_driven,owner,age,power,brand,actual_price,predicted_price
21890.0,1,8.0,200.0,7,53500.0,45667.28
13328.0,1,4.0,100.0,6,35000.0,35826.39
47970.0,1,16.0,150.0,7,10800.0,12903.82
20000.0,1,5.0,500.0,2,125000.0,110902.0
48000.0,1,12.0,500.0,2,100000.0,77073.0
23500.0,1,4.0,150.0,5,90000.0,91970.0
5989.0,1,4.0,650.0,12,500000.0,517502.0
24000.0,1,5.0,220.0,7,74000.0,62895.0
30000.0,1,10.0,150.0,7,25000.0,23848.0
2412.0,1,4.0,400.0,7,160000.0,163249.22
38000.0,1,7.0,250.0,5,85000.0,77482.99
45000.0,1,10.0,350.0,2,67000.0,75864.19
12600.0,1,4.0,160.0,5,52000.0,66383.0
26000.0,1,7.0,150.0,7,65000.0,30127.666666666664
14244.0,1,7.0,100.0,6,23000.0,25840.0
17278.0,1,6.0,350.0,2,101000.0,112173.0
27481.0,2,7.0,150.0,4,66400.0,53679.97999999999
46000.0,1,24.0,100.0,6,23000.0,22057.79
12917.0,1,3.0,160.0,1,65000.0,73458.975
101250.0,3,14.0,223.0,6,27000.0,18466.0
23500.0,1,7.0,150.0,4,32600.0,62689.33333333334
24500.0,1,12.0,200.0,7,39500.0,26952.783333333336
23000.0,1,5.0,150.0,4,65000.0,74663.0
26000.0,1,5.0,410.0,2,142000.0,120048.0
18330.0,1,10.0,135.0,7,21000.0,23527.0
7500.0,1,4.0,150.0,7,76000.0,62932.58
25430.0,1,7.0,100.0,6,32000.0,27888.0
15000.0,1,5.0,150.0,7,45000.0,52679.7380952381
17525.0,1,5.0,125.0,6,33000.0,38785.33333333333
21049.0,1,12.0,100.0,6,22000.0,17245.0
30000.0,1,7.0,150.0,7,28500.0,32969.985
12257.0,1,5.0,100.0,1,22000.0,25922.35
6700.0,2,3.0,200.0,10,127000.0,147718.0
15000.0,1,5.0,150.0,8,70000.0,54799.86
36000.0,1,15.0,350.0,2,81865.0,66506.16
2200.0,1,6.0,220.0,7,70000.0,46000.0
15000.0,1,3.0,125.0,6,48000.0,49802.08
13959.0,1,4.0,150.0,4,49000.0,71470.0
34000.0,1,6.0,125.0,6,35000.0,30999.0
29858.0,1,4.0,100.0,7,27000.0,27490.0
29299.0,1,4.0,350.0,2,111500.0,107150.0
35000.0,3,8.0,100.0,6,22500.0,29371.91
3400.0,1,4.0,350.0,2,117000.0,146727.53
64955.0,1,15.0,150.0,7,10000.0,18025.97
17000.0,1,5.0,150.0,7,43000.0,54891.876190476185
18785.0,1,4.0,110.0,1,28000.0,34740.4
14061.0,1,6.0,180.0,1,55000.0,54906.49
71359.0,2,13.0,160.0,1,19000.0,22443.65666666667
6457.0,1,4.0,220.0,7,60000.0,85632.0
17500.0,1,6.0,200.0,7,97900.0,90184.33333333331
29936.0,1,6.0,150.0,8,36000.0,51156.86666666667
12152.0,1,11.0,150.0,1,23000.0,29379.0
12974.0,1,4.0,110.0,5,46000.0,34400.66
6756.0,1,3.0,100.0,6,46000.0,44260.0
20000.0,1,9.0,150.0,4,32000.0,45981.0
21171.0,1,5.0,110.0,1,28000.0,23809.52380952381
21466.0,1,10.0,135.0,7,25000.0,20291.0
1500.0,1,3.0,410.0,2,150900.0,169630.0
30000.0,1,10.0,100.0,6,18000.0,21404.455714285712
14900.0,1,4.0,220.0,7,69600.0,71777.16666666667
17000.0,1,4.0,180.0,7,52000.0,59946.43333333333
26000.0,1,8.0,150.0,5,70000.0,50333.93000000001
11799.0,1,4.0,100.0,6,38000.0,36790.0
750.0,1,4.0,350.0,2,146300.0,129646.0
15027.0,2,7.0,750.0,15,380000.0,332274.72
69619.0,1,13.0,100.0,7,15000.0,17076.0
13550.0,1,8.0,125.0,7,18000.0,27480.0
7127.0,1,5.0,220.0,7,80000.0,70635.18333333333
12600.0,1,7.0,180.0,1,70000.0,52627.0
22000.0,1,7.0,150.0,5,38000.0,54841.89
15000.0,1,4.0,150.0,7,44000.0,50450.60714285713
8986.0,1,7.0,250.0,5,90000.0,85797.03
26536.0,1,7.0,350.0,2,78000.0,89416.75
6668.0,1,4.0,160.0,1,75000.0,60305.0
100000.0,1,19.0,350.0,2,100000.0,65213.0
12200.0,1,7.0,350.0,2,112000.0,91267.0
18000.0,1,5.0,100.0,6,29000.0,31834.0
120000.0,1,17.0,350.0,2,41000.0,65377.0
12000.0,2,5.0,883.0,15,560000.0,654869.0
70000.0,1,14.0,350.0,2,62000.0,68951.0
23800.0,1,7.0,150.0,5,75500.0,48884.99
25000.0,1,9.0,100.0,6,27500.0,25133.0
47043.0,1,5.0,220.0,7,49000.0,52836.0
15078.0,1,7.0,350.0,2,100000.0,97073.04761904762
1800.0,1,2.0,350.0,2,150000.0,155874.0
25212.0,1,6.0,350.0,2,75500.0,95950.92279942275
28032.0,1,7.0,150.0,5,61483.0,50715.38666666666
14547.0,1,3.0,150.0,8,80000.0,71994.82666666668
32000.0,3,9.0,200.0,10,55000.0,75855.0
20880.0,1,5.0,160.0,5,78000.0,54315.0
11000.0,1,4.0,150.0,7,35000.0,61368.86666666664
22000.0,1,6.0,150.0,7,69000.0,32244.111111111106
7500.0,2,12.0,100.0,6,15000.0,19717.0
6000.0,1,3.0,110.0,1,42985.0,48716.0
15000.0,1,13.0,100.0,6,22000.0,18335.0
25081.0,1,10.0,150.0,4,20000.0,28464.55
22728.0,1,11.0,125.0,6,25000.0,25240.0
32800.0,1,7.0,100.0,6,25100.0,29093.9
25528.0,1,7.0,150.0,7,30000.0,31259.666666666664
15000.0,1,5.0,220.0,7,75000.0,67287.0
1450.0,1,5.0,500.0,2,149100.0,152933.5
16499.0,1,4.0,350.0,2,92000.0,120708.76190476188
20000.0,1,9.0,100.0,6,21000.0,25890.0
54560.0,1,8.0,223.0,6,36000.0,39420.45
21000.0,2,6.0,150.0,5,60000.0,44943.56
7000.0,1,4.0,1262.0,13,1500000.0,1135290.0
24000.0,1,6.0,390.0,10,149600.0,129158.0
49692.0,1,13.0,110.0,1,18000.0,13850.39
19000.0,1,3.0,150.0,4,74000.0,103112.0
33846.0,1,5.0,160.0,1,47000.0,43289.0
24184.0,1,15.0,100.0,7,14800.0,16723.02
13500.0,1,5.0,125.0,7,43000.0,35366.35
5026.0,1,5.0,200.0,7,90000.0,80803.0
51000.0,1,8.0,125.0,7,23000.0,26112.0
30000.0,1,5.0,350.0,2,80000.0,102384.99
10575.0,1,4.0,150.0,8,78000.0,71918.47333333333
43678.0,1,7.0,350.0,2,75000.0,85792.98
12000.0,1,7.0,650.0,14,273200.0,294907.12
33520.0,1,16.0,150.0,7,10000.0,12455.98
9900.0,1,5.0,110.0,5,43999.0,41105.0
62433.0,2,7.0,100.0,6,23000.0,23800.0
2985.0,1,5.0,220.0,7,80000.0,56992.5
17772.0,1,3.0,150.0,8,70926.0,68810.0
14379.0,1,3.0,150.0,4,131000.0,101979.66666666666
841.0,1,5.0,220.0,7,45000.0,52828.16666666666
14252.0,1,8.0,100.0,7,30000.0,23790.0
10544.0,1,9.0,500.0,2,119000.0,93398.4
19492.0,1,10.0,100.0,6,18500.0,20768.0
26000.0,2,7.0,100.0,6,26600.0,24964.0
45000.0,1,12.0,100.0,6,17000.0,18760.666666666668
13146.0,1,3.0,125.0,7,35000.0,38264.03
3500.0,1,2.0,110.0,6,46500.0,54861.17
13000.0,1,8.0,350.0,2,77000.0,89765.0
40000.0,2,9.0,150.0,7,40000.0,23460.71
7582.0,1,4.0,535.0,2,135000.0,127530.6
5000.0,1,4.0,110.0,6,40000.0,49857.94
26000.0,2,12.0,125.0,5,33500.0,17672.0
14500.0,1,7.0,150.0,4,42000.0,67723.0
10975.0,1,6.0,125.0,5,35000.0,33795.0
32579.0,1,6.0,110.0,5,22000.0,30606.0
3700.0,1,2.0,150.0,8,81800.0,74563.75
48101.0,1,6.0,100.0,7,19500.0,27755.0
3542.0,1,3.0,220.0,7,69000.0,72768.0
10750.0,1,15.0,100.0,7,15000.0,15416.67
59500.0,3,5.0,150.0,8,32000.0,40114.51
23522.0,1,5.0,100.0,1,24000.0,23862.33333333333
20000.0,1,8.0,180.0,7,32000.0,39819.15
25000.0,2,8.0,200.0,10,67000.0,95951.0
10000.0,1,5.0,750.0,15,421000.0,419937.0
12061.0,1,4.0,180.0,1,65000.0,67196.0
26000.0,2,7.0,350.0,2,80600.0,93151.59285714285
6500.0,1,4.0,160.0,7,80000.0,62566.0
21000.0,1,6.0,350.0,2,105000.0,98806.73809523809
29530.0,1,4.0,100.0,7,23000.0,28475.0
15500.0,1,3.0,220.0,7,80000.0,79585.0
23105.0,1,15.0,100.0,6,16000.0,17930.0
4899.0,2,5.0,750.0,15,370000.0,368883.0
15823.0,1,5.0,100.0,6,30100.0,32090.666666666664
28524.0,3,8.0,150.0,5,30000.0,51517.84
23511.0,1,4.0,220.0,7,68000.0,68958.36666666667
24000.0,1,4.0,350.0,2,130000.0,121722.8
33000.0,1,12.0,150.0,5,26000.0,23825.0
46411.0,1,6.0,125.0,6,25000.0,32253.0
3810.0,1,2.0,150.0,4,83000.0,102330.35
20644.0,1,5.0,150.0,7,44000.0,40379.4
35000.0,1,13.0,100.0,6,15000.0,15185.290476190476
59752.0,1,10.0,125.0,7,14000.0,20825.0
14482.0,1,2.0,310.0,16,350000.0,231051.73333333337
16278.0,1,5.0,110.0,6,31000.0,35510.0
18988.0,1,6.0,100.0,6,36000.0,32248.49
45000.0,2,10.0,223.0,6,29500.0,29359.0
6500.0,1,3.0,390.0,10,200000.0,203860.0
11000.0,1,3.0,150.0,8,82000.0,88733.08
13608.0,1,5.0,180.0,1,60000.0,61671.96
7845.0,1,5.0,150.0,7,52000.0,54459.95
34879.0,1,10.0,125.0,7,17998.0,18434.0
2000.0,1,6.0,350.0,2,91000.0,104500.0
27167.0,1,5.0,150.0,8,58000.0,56187.56666666666
22000.0,1,5.0,350.0,2,105000.0,129420.7142857143
17300.0,1,6.0,300.0,9,225000.0,197424.98
7419.0,1,3.0,150.0,8,72000.0,76644.995
57000.0,1,6.0,150.0,8,40000.0,40701.80952380952
47042.0,1,5.0,220.0,7,55000.0,52836.0
42107.0,2,10.0,135.0,7,16000.0,25279.38
26500.0,1,7.0,100.0,7,32000.0,23128.66666666667
18677.0,1,6.0,100.0,1,33000.0,23187.0
8800.0,1,3.0,150.0,4,65000.0,99582.16666666666
9494.0,1,6.0,500.0,2,121000.0,130200.0
28700.0,2,6.0,150.0,4,46000.0,58887.97
20375.0,1,6.0,100.0,6,35000.0,26725.0
14432.0,1,4.0,160.0,5,53000.0,66262.90333333334
13000.0,1,4.0,350.0,2,130000.0,105608.0
44002.0,1,5.0,100.0,7,23000.0,22545.0
15000.0,1,4.0,180.0,7,57500.0,57852.48142857142
6400.0,1,4.0,600.0,9,580000.0,550100.0
11760.0,1,4.0,200.0,7,100000.0,93823.5
18813.0,1,7.0,100.0,1,30000.0,28336.6
52594.0,1,3.0,200.0,1,90000.0,72780.0
13459.0,1,5.0,350.0,2,98000.0,119375.95238095237
23931.0,1,4.0,400.0,7,115000.0,120247.99999999999
2200.0,1,7.0,750.0,15,360000.0,382555.16666666674
12580.0,2,11.0,150.0,4,23300.0,27955.0
19000.0,1,5.0,160.0,5,42000.0,63280.0
8094.0,1,3.0,410.0,2,200000.0,161750.28
25000.0,1,11.0,100.0,6,29000.0,22997.8
14324.0,1,5.0,390.0,10,130000.0,120962.47
7481.0,1,5.0,500.0,2,145000.0,143459.63
29057.0,1,10.0,150.0,7,21000.0,25607.0
18300.0,1,7.0,150.0,5,76200.0,50748.66666666666
36027.0,1,5.0,150.0,7,35000.0,40170.19047619047
31477.0,1,11.0,150.0,7,23000.0,16689.0
56478.0,1,9.0,350.0,2,80000.0,63490.0
48000.0,1,13.0,150.0,5,20500.0,21709.92
29428.0,1,9.0,150.0,4,22000.0,32261.95238095238
3900.0,2,2.0,390.0,10,215900.0,224298.2
22310.0,1,11.0,125.0,5,23000.0,24926.0
19631.0,2,4.0,400.0,7,140000.0,122453.35666666666
27000.0,1,7.0,200.0,10,110000.0,92239.0
8347.0,1,4.0,200.0,7,79900.0,94524.94
18158.0,1,6.0,150.0,8,53000.0,44232.2
37000.0,1,9.0,150.0,5,35000.0,49450.0
64800.0,1,13.0,150.0,5,30000.0,22508.68
4587.0,1,4.0,350.0,2,100000.0,155324.0
25560.0,1,12.0,180.0,1,22000.0,23592.88
15500.0,1,5.0,220.0,7,67000.0,68660.0
26000.0,1,6.0,150.0,4,40300.0,52012.37833333333
17281.0,1,3.0,125.0,7,45000.0,40846.22
36000.0,1,6.0,200.0,7,65000.0,72190.0
23500.0,2,5.0,220.0,7,60000.0,48887.9
21900.0,1,3.0,400.0,7,135000.0,136905.0
15000.0,1,3.0,350.0,2,150000.0,112501.0
9000.0,1,5.0,410.0,2,140000.0,124578.0
26000.0,1,4.0,150.0,5,70000.0,71647.0
11760.0,1,4.0,200.0,7,90000.0,93823.5
28922.0,1,13.0,350.0,2,58000.0,80208.0
11381.0,1,7.0,100.0,6,22000.0,30090.0
7000.0,1,2.0,150.0,4,125100.0,113653.33333333331
30000.0,1,10.0,160.0,1,30000.0,28441.5
37887.0,1,13.0,125.0,5,13000.0,15381.54
8000.0,1,2.0,500.0,2,172000.0,167245.1
5000.0,1,5.0,350.0,2,108000.0,130401.73333333334
6000.0,1,7.0,650.0,12,299300.0,409177.53333333327
15500.0,2,3.0,125.0,6,51000.0,50866.1
13008.0,1,3.0,125.0,7,30000.0,38839.03
8048.0,1,3.0,100.0,1,34000.0,45182.0
10841.0,1,3.0,100.0,7,34000.0,37275.0
22840.0,1,5.0,150.0,7,38000.0,63132.66666666667
65000.0,1,9.0,220.0,7,48000.0,33063.73
8903.0,1,7.0,250.0,14,185000.0,199371.0
4000.0,1,4.0,200.0,1,92000.0,92892.8
64000.0,1,7.0,220.0,7,40000.0,36413.9
174638.0,1,14.0,150.0,1,23000.0,19205.84
4455.0,1,4.0,200.0,1,64000.0,91623.6
48000.0,2,8.0,500.0,2,120000.0,100693.5
14000.0,1,6.0,500.0,2,160000.0,121296.0
14200.0,1,7.0,200.0,7,60000.0,48365.16666666668
17564.0,1,2.0,300.0,11,149292.0,165537.48333333337
20779.0,1,12.0,100.0,6,18000.0,17250.0
7000.0,2,3.0,180.0,1,70000.0,73740.0
10000.0,1,7.0,150.0,5,49000.0,45013.0
5655.0,1,5.0,200.0,7,110000.0,102942.0
27240.0,2,7.0,390.0,10,110000.0,97132.0
11700.0,1,4.0,390.0,10,200000.0,185652.755
16000.0,1,6.0,350.0,2,127000.0,115370.71428571429
3300.0,1,3.0,100.0,6,54000.0,50501.99
717.0,1,3.0,100.0,6,45000.0,51791.72
18672.0,1,3.0,100.0,7,34000.0,34466.34
10825.0,4,4.0,350.0,2,141000.0,101856.5
5432.0,2,6.0,350.0,2,74500.0,106776.97
12447.0,1,6.0,350.0,2,92000.0,114267.15333333332
24461.0,1,7.0,100.0,1,22500.0,22930.0
53190.0,1,10.0,180.0,7,20000.0,25997.81
21300.0,1,4.0,400.0,7,139000.0,110778.74999999999
16789.0,1,5.0,110.0,5,31000.0,39388.793333333335
12362.0,1,4.0,150.0,7,59000.0,47016.5
12580.0,1,6.0,125.0,6,27000.0,35836.1
10000.0,1,3.0,150.0,4,80000.0,97403.09682539683
23481.0,1,5.0,180.0,1,45000.0,46771.72
19000.0,1,10.0,180.0,7,31500.0,25329.0
22500.0,1,7.0,150.0,4,45000.0,70593.0
10000.0,1,4.0,110.0,5,45000.0,41570.1
9650.0,1,4.0,400.0,7,121000.0,140694.0
2000.0,1,2.0,200.0,10,180000.0,164730.0
25804.0,1,8.0,125.0,7,24000.0,23310.666666666664
50000.0,1,13.0,150.0,6,12800.0,16998.69
28279.0,2,9.0,500.0,2,90000.0,93974.52
35958.0,1,5.0,200.0,1,59999.0,61850.0
17700.0,1,4.0,390.0,10,180000.0,168823.0
3800.0,1,2.0,350.0,2,172000.0,136200.0
5541.0,1,4.0,500.0,2,128000.0,140357.0
13000.0,1,8.0,125.0,6,30000.0,30215.0
22788.0,1,8.0,100.0,6,22000.0,24860.0
11170.0,1,6.0,200.0,7,100000.0,99548.1
36000.0,3,11.0,350.0,2,60000.0,66492.78
7329.0,1,3.0,125.0,6,44000.0,56858.33
18510.0,1,6.0,150.0,7,49000.0,45699.0
17225.0,1,4.0,100.0,6,36000.0,48685.0
2827.0,1,5.0,350.0,2,120000.0,123768.0
53005.0,1,7.0,150.0,4,35000.0,48900.0
22500.0,1,5.0,150.0,5,75000.0,83660.66666666667
20946.0,1,4.0,200.0,7,99735.0,86539.49666666667
21700.0,1,6.0,125.0,4,31900.0,23916.66666666667
12296.0,1,3.0,100.0,6,43000.0,40810.01
2392.0,1,9.0,125.0,5,23000.0,23901.0
8500.0,1,9.0,150.0,4,32000.0,31726.73
16000.0,2,7.0,350.0,2,63618.0,95250.0
15000.0,1,5.0,150.0,7,50000.0,52679.7380952381
43000.0,1,7.0,200.0,7,53000.0,50541.49
14000.0,1,2.0,410.0,2,173300.0,186562.0
4900.0,1,4.0,150.0,7,60000.0,67170.0
5020.0,2,4.0,150.0,4,54000.0,99525.7142857143
60315.0,2,11.0,150.0,6,20000.0,20941.44
23553.0,2,6.0,150.0,7,32000.0,44153.82333333334
22000.0,1,10.0,150.0,6,23500.0,31332.64
6000.0,2,4.0,300.0,11,140000.0,131460.0
1700.0,1,3.0,150.0,8,80000.0,92850.0
32000.0,1,7.0,350.0,2,85000.0,111102.0
11227.0,1,3.0,150.0,4,62000.0,85128.0
14290.0,1,5.0,410.0,2,120000.0,130386.49
32000.0,1,5.0,100.0,6,32000.0,34669.0
12000.0,2,5.0,200.0,10,860000.0,116674.0
68000.0,1,12.0,135.0,7,18500.0,18240.9
850.0,1,2.0,200.0,10,195000.0,165210.0
3000.0,1,2.0,400.0,7,177500.0,162740.0
32827.0,1,8.0,100.0,6,28000.0,29516.833333333336
13800.0,2,4.0,200.0,7,89100.0,90938.0
39555.0,1,9.0,150.0,5,48000.0,49294.0
9500.0,1,3.0,400.0,7,142000.0,152469.6666666667
15025.0,2,3.0,302.0,9,240000.0,219353.27666666664
35000.0,1,11.0,100.0,6,21400.0,19418.69
8780.0,1,2.0,400.0,7,190000.0,161530.0
14000.0,1,5.0,220.0,7,72700.0,65613.85714285714
6671.0,1,3.0,250.0,4,120000.0,138657.0
13500.0,1,3.0,320.0,4,314100.0,237806.48
13049.0,1,11.0,100.0,7,18000.0,21436.0
18755.0,1,5.0,100.0,6,34000.0,31990.166666666664
19890.0,4,27.0,350.0,2,89000.0,120640.0
10597.0,1,5.0,100.0,7,23000.0,30350.666666666664
12332.0,2,6.0,150.0,4,60000.0,39301.0
37861.0,1,4.0,150.0,7,36700.0,53249.99
9500.0,1,3.0,125.0,7,46400.0,39894.55
15000.0,1,9.0,200.0,7,45000.0,42484.0
14500.0,1,12.0,150.0,7,35000.0,19613.34
25000.0,1,4.0,150.0,5,70000.0,72784.32833333334
8759.0,1,3.0,200.0,7,81000.0,107790.0
28422.0,1,7.0,150.0,4,33000.0,50024.66666666667
20000.0,1,5.0,223.0,6,58000.0,61110.25
25000.0,1,6.0,125.0,5,35000.0,31063.33333333333
2000.0,1,6.0,500.0,2,149000.0,115873.28
12340.0,1,5.0,100.0,1,26000.0,25777.35
25805.0,1,5.0,150.0,7,45000.0,47880.0
22088.0,1,8.0,200.0,10,75000.0,86319.0
10000.0,1,3.0,220.0,7,89000.0,91637.24
43000.0,1,7.0,200.0,10,88000.0,75220.0
16208.0,1,10.0,100.0,6,19000.0,20770.0
2017.0,1,4.0,100.0,6,45000.0,48027.95
5095.0,1,5.0,150.0,7,41000.0,48219.33333333334
19549.0,1,7.0,350.0,2,87000.0,90755.0
13336.0,1,10.0,150.0,4,15000.0,29870.0
22342.0,1,7.0,100.0,7,18000.0,26135.69333333333
3900.0,1,2.0,250.0,4,146000.0,136949.0
2500.0,2,4.0,650.0,14,446200.0,377366.0
25000.0,1,6.0,350.0,2,112000.0,95950.92279942275
14672.0,1,4.0,250.0,4,75000.0,106273.33333333331
32000.0,1,7.0,220.0,7,26333.0,52432.0
28854.0,1,4.0,220.0,7,50000.0,72300.0
62505.0,1,8.0,150.0,7,20000.0,26338.97
15000.0,1,4.0,400.0,7,130000.0,117640.39083333334
25341.0,1,8.0,135.0,7,34500.0,25825.666666666664
18300.0,1,6.0,150.0,7,33400.0,38223.0
11400.0,1,4.0,350.0,2,115400.0,106565.5
1550.0,1,4.0,350.0,2,134400.0,122211.0
20472.0,1,3.0,500.0,2,122000.0,170575.0
500.0,1,4.0,150.0,7,57000.0,56568.0
19318.0,1,5.0,100.0,6,34000.0,30048.833333333336
8970.0,1,4.0,250.0,5,90600.0,135929.56
18500.0,1,9.0,220.0,7,50000.0,41851.0
8686.0,1,3.0,200.0,1,91000.0,77369.42
500.0,1,2.0,200.0,7,105000.0,107231.0
36000.0,2,12.0,100.0,6,15200.0,18790.23333333333
27110.0,1,7.0,100.0,6,27167.0,26950.0
8000.0,1,2.0,110.0,5,52600.0,56473.0
29000.0,1,10.0,150.0,4,53300.0,33925.0
45000.0,1,4.0,350.0,2,120000.0,128205.0
43599.0,1,4.0,150.0,8,45900.0,54139.4
16000.0,1,9.0,200.0,10,68000.0,80577.0
15000.0,1,9.0,150.0,4,35500.0,35975.333333333336
59835.0,1,6.0,150.0,8,35000.0,40197.112857142856
49463.0,1,16.0,350.0,2,33500.0,62341.18
24220.0,1,5.0,220.0,7,58000.0,69763.0
30000.0,1,9.0,150.0,5,60000.0,51611.33333333333
16880.0,2,2.0,160.0,7,70000.0,65270.64
27988.0,1,14.0,150.0,6,35000.0,16565.84
39028.0,1,10.0,250.0,5,68000.0,66399.38
17853.0,1,8.0,100.0,6,23000.0,25722.561904761904
50000.0,1,6.0,150.0,4,30000.0,57223.79333333333
109521.0,1,10.0,150.0,7,28000.0,19109.0
34205.0,1,9.0,150.0,4,30000.0,45828.869047619046
20000.0,1,7.0,150.0,4,43100.0,51860.33333333333
14704.0,1,6.0,350.0,2,85000.0,93848.0
4159.0,2,4.0,390.0,10,190000.0,213364.6
32500.0,1,5.0,390.0,10,125000.0,146479.0
24000.0,2,6.0,390.0,10,145000.0,119078.0
11976.0,3,6.0,500.0,2,119000.0,106790.0
8000.0,1,5.0,220.0,7,70000.0,66724.33333333333
49000.0,2,8.0,150.0,5,40000.0,55103.57
27235.0,1,4.0,350.0,2,99650.0,102821.66666666666
18500.0,1,9.0,100.0,7,30000.0,24285.0
29850.0,1,7.0,350.0,2,80000.0,83175.0
3538.0,1,5.0,350.0,2,125000.0,126809.73
1400.0,1,6.0,500.0,2,140900.0,120056.28
16750.0,1,10.0,223.0,6,22000.0,31661.9
2500.0,1,4.0,150.0,4,110000.0,106885.0
33907.0,1,4.0,100.0,7,30000.0,29012.65
24300.0,1,3.0,350.0,2,110000.0,133350.0
40000.0,2,22.0,350.0,2,67000.0,52590.0
30711.0,2,9.0,200.0,7,40000.0,49566.0
9500.0,1,5.0,200.0,10,140000.0,140704.0
750.0,1,2.0,765.0,3,875000.0,793309.96
48824.0,1,12.0,125.0,5,22000.0,19139.0
26000.0,1,6.0,200.0,7,85000.0,84562.0
33500.0,2,7.0,223.0,6,34154.0,44068.45
51855.0,2,12.0,150.0,7,12000.0,17206.04
27000.0,2,10.0,125.0,5,17000.0,21144.96
16000.0,1,3.0,150.0,7,50000.0,52371.0
67987.0,2,5.0,150.0,6,29000.0,46568.65
15660.0,1,6.0,110.0,5,23000.0,34570.26
12551.0,1,9.0,150.0,4,45000.0,40552.15
23188.0,1,6.0,110.0,5,26000.0,32896.0
31336.0,1,9.0,150.0,8,27000.0,23342.0
45000.0,1,7.0,150.0,7,19000.0,32186.96
2000.0,1,4.0,500.0,2,180000.0,163044.93
8942.0,1,7.0,350.0,2,100000.0,94076.36
22800.0,1,4.0,600.0,9,530000.0,483508.4
45000.0,1,10.0,220.0,7,45000.0,28667.5
20058.0,1,4.0,150.0,7,51000.0,36232.16
5610.0,1,10.0,150.0,6,22000.0,30699.3
35600.0,1,7.0,100.0,6,31500.0,28786.0
62135.0,2,13.0,150.0,6,9000.0,22618.84
2550.0,1,2.0,220.0,7,110000.0,86979.0
13000.0,1,8.0,223.0,6,55000.0,42526.0
18114.0,1,7.0,100.0,6,23000.0,29047.25
8331.0,1,3.0,160.0,5,81300.0,79617.0
13058.0,1,8.0,100.0,1,29999.0,24357.6
10741.0,1,5.0,750.0,15,445600.0,441900.0
55000.0,2,8.0,150.0,5,55999.0,44602.87
46643.0,1,14.0,100.0,6,12200.0,18722.19
17300.0,1,3.0,100.0,6,45000.0,40085.0
46093.0,1,9.0,100.0,7,21000.0,20185.0
50000.0,1,7.0,180.0,1,28000.0,45565.0
6740.0,1,4.0,150.0,8,70000.0,66611.05333333333
50000.0,1,5.0,100.0,7,19400.0,27420.0
4500.0,1,5.0,320.0,4,246800.0,189460.81
11332.0,1,6.0,100.0,6,25000.0,28955.0
31500.0,1,5.0,350.0,2,109600.0,114150.0
43333.0,1,10.0,150.0,5,30000.0,27412.0
5233.0,1,5.0,150.0,7,48000.0,47954.0
17965.0,1,9.0,350.0,2,63326.0,77738.76
7593.0,1,4.0,400.0,7,115000.0,134572.99
13600.0,2,4.0,150.0,4,72000.0,70169.0
40266.0,1,11.0,125.0,5,18000.0,27770.8
8000.0,1,7.0,350.0,2,85000.0,91560.0
4544.0,1,2.0,100.0,6,41000.0,56004.0
16838.0,1,6.0,100.0,6,36995.0,33176.0
25000.0,1,7.0,390.0,10,96000.0,96050.0
21917.0,1,5.0,100.0,6,30000.0,33216.0
23000.0,1,7.0,350.0,2,98000.0,91050.0
3000.0,1,4.0,125.0,5,55000.0,54794.84
92466.0,1,9.0,110.0,1,18000.0,22951.0
82000.0,2,17.0,150.0,7,12000.0,8691.7
35600.0,1,9.0,150.0,4,30000.0,39970.0
18000.0,1,6.0,150.0,7,25000.0,36200.0
10800.0,1,3.0,600.0,9,440000.0,511489.0
24000.0,1,4.0,390.0,10,197200.0,159200.0
39125.0,1,6.0,180.0,1,40500.0,48344.15
47830.0,1,13.0,100.0,6,20000.0,15936.76
32000.0,2,63.0,350.0,2,70000.0,109900.0
13608.0,1,8.0,100.0,6,28500.0,28297.0
7000.0,1,4.0,400.0,7,135000.0,138776.0
32000.0,1,10.0,150.0,4,20500.0,45582.16666666666
19000.0,1,7.0,250.0,14,145000.0,171237.0
4168.0,1,6.0,650.0,14,231000.0,340329.52
8000.0,1,5.0,390.0,10,170000.0,162019.3333333333
21200.0,1,10.0,150.0,4,52000.0,30484.0
32262.0,1,8.0,200.0,7,37000.0,46903.3075
23000.0,1,6.0,100.0,6,39000.0,31050.0
41000.0,1,8.0,150.0,5,69000.0,39564.0
23378.0,1,5.0,350.0,2,100000.0,106865.0
11000.0,1,7.0,350.0,2,70000.0,97714.0
21515.0,1,3.0,400.0,7,145000.0,136905.0
33000.0,1,6.0,220.0,7,58000.0,44958.0
22000.0,2,12.0,150.0,7,18000.0,23516.48
7299.0,1,4.0,350.0,2,160000.0,126201.0
17874.0,1,6.0,125.0,6,24500.0,26395.26
1178.0,1,2.0,390.0,10,263000.0,235295.34904761906
23000.0,1,5.0,250.0,9,165000.0,148142.0
16229.0,1,4.0,150.0,4,52000.0,80634.5
35467.0,1,5.0,150.0,7,33000.0,35116.666666666664
14000.0,1,5.0,150.0,8,50000.0,55333.47666666666
23000.0,1,7.0,125.0,5,30000.0,32762.116666666665
12227.0,1,6.0,150.0,4,47500.0,50244.0
15500.0,1,5.0,390.0,10,155000.0,122961.0
3200.0,1,2.0,125.0,6,57000.0,58715.52
20600.0,1,6.0,200.0,7,51500.0,88679.9
23000.0,1,3.0,100.0,6,42000.0,43772.0
25000.0,1,7.0,110.0,5,26000.0,25080.933333333334
10000.0,1,3.0,500.0,2,153000.0,154611.0
18934.0,1,6.0,160.0,1,55000.0,45525.0
36000.0,1,5.0,110.0,1,38000.0,28334.36
41000.0,2,11.0,135.0,7,22999.0,21165.62
18583.0,1,6.0,180.0,1,58000.0,42907.5
15500.0,1,5.0,150.0,8,70000.0,48411.5
22115.0,1,3.0,100.0,7,27000.0,29385.99
4000.0,1,2.0,350.0,2,145000.0,147604.0
40000.0,2,5.0,200.0,7,58000.0,72431.2157142857
24710.0,1,11.0,150.0,6,18000.0,25090.27
17000.0,1,9.0,350.0,2,95000.0,92042.86
19500.0,1,6.0,180.0,1,40000.0,49770.0
30591.0,2,8.0,350.0,2,60000.0,82307.73333333334
27000.0,1,6.0,220.0,7,44000.0,50283.42857142858
35000.0,1,9.0,220.0,7,38000.0,37841.6975
14243.0,1,6.0,100.0,6,39500.0,29150.0
33486.0,1,4.0,350.0,2,145500.0,119535.0
12090.0,1,10.0,100.0,7,17000.0,23965.0
5000.0,1,5.0,150.0,4,100000.0,70718.91666666666
14000.0,1,5.0,200.0,10,118000.0,110265.65333333334
45000.0,1,6.0,220.0,7,55000.0,48208.0
30000.0,1,12.0,100.0,6,13500.0,17170.0
52487.0,1,12.0,160.0,1,20000.0,23026.5
102892.0,1,8.0,100.0,7,27000.0,17065.0
28154.0,1,4.0,350.0,2,86700.0,104900.0
40000.0,1,7.0,150.0,4,58000.0,42850.0
11811.0,1,9.0,350.0,2,65000.0,77377.2
19224.0,1,7.0,100.0,6,22000.0,32233.33333333333
28000.0,1,7.0,110.0,5,25000.0,28347.0
20208.0,1,6.0,100.0,6,30000.0,28010.0
3500.0,1,4.0,160.0,7,82000.0,65917.0
6153.0,1,5.0,350.0,2,155000.0,123090.97500000002
3300.0,1,4.0,125.0,7,50000.0,47804.96
27000.0,1,9.0,150.0,4,55000.0,34049.99
18500.0,1,5.0,160.0,1,65000.0,54780.0
14000.0,1,7.0,250.0,5,90000.0,82460.0
8713.0,1,5.0,135.0,7,40000.0,38515.0
14000.0,1,5.0,200.0,10,140000.0,110265.65333333334
48000.0,1,17.0,100.0,7,15000.0,12814.0
15000.0,1,9.0,150.0,7,27000.0,33970.0
36102.0,1,8.0,300.0,12,200000.0,127396.0
9600.0,1,5.0,350.0,2,110000.0,127686.91666666669
92666.0,1,14.0,100.0,7,16000.0,19523.37
17038.0,1,5.0,150.0,7,40000.0,54891.876190476185
28653.0,1,8.0,100.0,6,31500.0,26760.0
3000.0,1,3.0,110.0,7,41500.0,50237.92
3000.0,1,4.0,160.0,5,66000.0,77589.0
566931.0,1,5.0,150.0,4,28000.0,45020.33333333334
6151.0,1,4.0,350.0,2,135000.0,122718.15119047622
9700.0,1,7.0,150.0,5,78000.0,47218.0
4000.0,1,3.0,200.0,7,120000.0,102027.99
11982.0,1,7.0,750.0,15,270200.0,326840.0
12692.0,1,2.0,100.0,7,38000.0,36495.0
6800.0,1,3.0,350.0,2,142000.0,159133.0
58000.0,1,7.0,180.0,7,42000.0,35413.89
11166.0,1,3.0,350.0,2,140000.0,131648.99999999997
12000.0,1,4.0,100.0,6,33000.0,36974.41
20000.0,1,8.0,100.0,6,25000.0,25024.5
77000.0,2,7.0,220.0,7,38000.0,39720.58
26512.0,2,16.0,100.0,6,16000.0,15317.98
30000.0,1,9.0,200.0,10,64999.0,97175.0
45000.0,1,8.0,350.0,2,97000.0,82402.0
28000.0,1,7.0,150.0,4,75000.0,55095.58333333333
45730.0,1,6.0,350.0,2,100000.0,103104.7
22825.0,1,4.0,150.0,8,46000.0,52948.0
78000.0,1,6.0,180.0,7,38000.0,33136.08
53399.0,2,13.0,200.0,7,17000.0,23482.95
2584.0,1,11.0,100.0,6,20000.0,21300.0
4130.0,1,5.0,100.0,6,23000.0,36819.9
9759.0,1,5.0,350.0,2,115000.0,128425.16666666669
10000.0,1,11.0,135.0,7,14700.0,21647.86
10194.0,1,6.0,650.0,14,326000.0,372168.08
34000.0,2,11.0,160.0,1,23000.0,25061.833333333336
67445.0,1,10.0,150.0,4,55000.0,30815.0
4900.0,1,5.0,150.0,7,70000.0,48871.33333333333
22000.0,1,10.0,150.0,4,65000.0,31220.5
10500.0,1,3.0,150.0,4,121700.0,97133.48452380953
12028.0,1,6.0,350.0,2,120000.0,102827.66666666669
5500.0,1,3.0,300.0,11,170000.0,134150.0
35000.0,2,6.0,150.0,4,71600.0,53460.0
18067.0,1,7.0,100.0,6,37000.0,28667.916666666664
4474.0,1,3.0,100.0,1,34000.0,46824.0
5000.0,1,4.0,400.0,7,135000.0,121845.34666666668
23000.0,1,7.0,220.0,7,42400.0,50654.45
10883.0,1,3.0,100.0,6,46000.0,41729.3
50000.0,1,8.0,150.0,5,30000.0,52632.0
57500.0,2,14.0,180.0,7,20000.0,19546.0
15256.0,1,3.0,350.0,2,118000.0,112908.0
3500.0,1,6.0,200.0,7,95000.0,69855.0
46000.0,1,12.0,135.0,7,18800.0,17279.5
29000.0,1,10.0,350.0,2,68700.0,74427.78
5200.0,1,6.0,500.0,2,150000.0,130633.04
266028.0,1,10.0,160.0,1,24000.0,20375.0
34000.0,1,9.0,150.0,4,45000.0,51885.66904761905
14600.0,2,6.0,220.0,7,48000.0,53270.0
4664.0,1,2.0,100.0,6,47167.0,54498.0
13254.0,1,7.0,500.0,2,95000.0,135239.0
28397.0,2,4.0,100.0,6,40000.0,36230.0
21605.0,1,5.0,110.0,5,28000.0,35484.0
4020.0,1,2.0,110.0,1,58000.0,53391.0
1500.0,1,4.0,220.0,7,90000.0,87345.0
17924.0,2,11.0,500.0,2,75000.0,97016.5
23371.0,1,12.0,100.0,6,28000.0,23760.0
26000.0,1,9.0,100.0,6,25000.0,23835.0
19000.0,1,7.0,500.0,2,124600.0,102784.0
5100.0,1,6.0,350.0,2,120000.0,101613.03666666668
40422.0,1,9.0,180.0,7,24000.0,29920.0
7300.0,1,5.0,410.0,2,150000.0,145639.97
17000.0,1,4.0,200.0,7,111088.0,81530.0
4300.0,1,5.0,200.0,7,95000.0,95675.0
32000.0,1,7.0,223.0,6,55000.0,46826.98
25232.0,1,5.0,200.0,7,110000.0,75889.0
15000.0,1,2.0,200.0,7,130000.0,107534.66666666669
19774.0,1,9.0,100.0,6,21000.0,24870.0
17529.0,1,8.0,220.0,7,32000.0,35194.0
43000.0,1,10.0,100.0,6,22000.0,20851.0
4200.0,1,3.0,250.0,14,330000.0,285129.3
50000.0,1,17.0,100.0,7,18000.0,10705.69
17226.0,1,4.0,100.0,6,42000.0,48685.0
17000.0,1,3.0,310.0,1,185000.0,188024.0
30000.0,1,7.0,350.0,2,100000.0,80903.0
9019.0,1,3.0,400.0,7,140000.0,148415.83333333334
5188.0,1,6.0,135.0,7,33000.0,39731.42
49000.0,1,14.0,223.0,6,22000.0,19964.89
10000.0,1,5.0,390.0,10,171125.0,165730.0
30000.0,1,12.0,150.0,7,17500.0,20092.88
15910.0,1,7.0,150.0,4,45000.0,44454.0
53000.0,1,5.0,160.0,5,39300.0,48425.96
6266.0,1,2.0,150.0,7,67000.0,66542.0
4000.0,1,2.0,150.0,5,99000.0,82884.33
19777.0,1,8.0,135.0,7,22500.0,20383.0
24121.0,1,10.0,100.0,6,23000.0,28174.0
3900.0,1,2.0,310.0,1,224000.0,198800.0
35678.0,1,8.0,350.0,2,83000.0,87498.8
20134.0,1,6.0,150.0,7,43000.0,49844.06
47470.0,1,13.0,100.0,6,22000.0,16037.0
18000.0,1,9.0,150.0,7,58000.0,27140.0
16000.0,1,2.0,400.0,7,150000.0,155694.44
70000.0,1,11.0,150.0,7,26000.0,21834.88
42014.0,1,14.0,125.0,7,9500.0,15921.96
19865.0,1,4.0,220.0,7,60000.0,59962.33333333333
6135.0,1,3.0,220.0,7,70000.0,81086.74
6465.0,1,9.0,350.0,2,90000.0,84770.0
12500.0,1,5.0,1200.0,13,1490000.0,963763.0
22295.0,1,8.0,220.0,7,40000.0,37279.15
4838.0,1,4.0,125.0,7,36000.0,47105.99
7500.0,2,4.0,900.0,3,640000.0,976210.0
16000.0,1,4.0,350.0,2,105000.0,121124.0
58816.0,1,11.0,220.0,7,38000.0,26275.54
19111.0,1,8.0,100.0,1,31599.0,26829.8
15300.0,1,7.0,350.0,2,90000.0,90803.66666666666
70142.0,1,10.0,100.0,7,13000.0,18561.0
21853.0,1,7.0,150.0,4,58000.0,64536.0
25000.0,1,9.0,150.0,5,26500.0,50507.18333333333
21342.0,1,5.0,150.0,7,46500.0,40156.333333333336
43000.0,1,6.0,150.0,5,65000.0,50340.48
22000.0,1,8.0,350.0,2,84100.0,93993.23333333332
41355.0,1,7.0,150.0,4,40000.0,50956.0
38000.0,1,7.0,350.0,2,114000.0,85356.99
20000.0,1,5.0,100.0,6,24600.0,34969.44761904763
8575.0,1,4.0,500.0,2,146006.0,145619.0
7000.0,1,7.0,390.0,10,100000.0,139072.66666666666
28000.0,1,5.0,350.0,2,105000.0,102928.22333333333
15768.0,1,6.0,125.0,5,26000.0,31137.86
12000.0,1,5.0,220.0,7,76900.0,60951.595238095244
1768.0,1,3.0,500.0,2,195000.0,166470.0
8300.0,1,4.0,500.0,2,140000.0,149147.0
14000.0,1,4.0,500.0,2,160000.0,136350.0
403833.0,1,15.0,125.0,7,18000.0,20794.0
15000.0,1,7.0,180.0,7,57000.0,39413.607142857145
21570.0,1,6.0,100.0,1,20000.0,23142.333333333336
38311.0,2,4.0,180.0,1,47500.0,51731.33333333334
30000.0,2,12.0,350.0,2,82000.0,67705.18
42303.0,2,26.0,350.0,2,99999.0,100670.0
50000.0,1,6.0,350.0,2,80000.0,100635.19666666666
45000.0,1,8.0,350.0,2,85000.0,82402.0
14000.0,1,3.0,150.0,7,65000.0,52136.98
14050.0,1,3.0,150.0,4,135000.0,104087.4761904762
22000.0,1,4.0,350.0,2,110000.0,114634.73214285714
20000.0,1,10.0,150.0,5,24000.0,34174.28
11584.0,1,2.0,110.0,6,50000.0,51716.28
26000.0,1,7.0,150.0,7,31500.0,30127.666666666664
17757.0,1,8.0,180.0,7,45000.0,33534.0
99999.0,1,17.0,125.0,7,13900.0,12714.95
19000.0,1,6.0,350.0,2,115000.0,101148.5
36587.0,1,6.0,350.0,2,90000.0,102790.85
6800.0,1,4.0,200.0,10,125000.0,135552.5
21000.0,2,6.0,350.0,2,92000.0,94484.40476190476
4894.0,1,5.0,110.0,6,45000.0,46727.26
10000.0,1,4.0,200.0,10,165000.0,137752.0
4610.0,1,3.0,100.0,6,52000.0,52293.0
26500.0,1,8.0,100.0,7,30000.0,22065.666666666664
55000.0,1,4.0,110.0,6,43000.0,40985.95
481.0,1,3.0,150.0,8,76000.0,88837.0
5300.0,2,6.0,535.0,2,121000.0,121240.04
6300.0,1,4.0,100.0,7,24000.0,27508.0
20404.0,1,4.0,150.0,7,55000.0,44936.96
22191.0,1,5.0,500.0,2,126508.0,129008.0
40500.0,1,8.0,500.0,2,95000.0,102151.61
12500.0,1,4.0,250.0,10,150000.0,134950.0
21500.0,1,4.0,200.0,7,115000.0,88842.66666666669
16000.0,1,4.0,100.0,6,42000.0,40488.28
6850.0,1,3.0,500.0,2,135000.0,183688.74
19000.0,1,4.0,390.0,10,177300.0,169792.0
22167.0,1,10.0,110.0,5,30000.0,25847.0
58464.0,1,7.0,150.0,7,35000.0,32402.13
29030.0,1,4.0,125.0,6,38000.0,40198.0
38755.0,1,8.0,125.0,6,22000.0,26598.066666666666
4268.0,1,2.0,200.0,7,105000.0,110971.0
9500.0,1,5.0,150.0,7,40085.0,42269.33333333334
29407.0,1,11.0,100.0,6,24500.0,21385.87
16500.0,1,5.0,350.0,2,110000.0,116210.0
1300.0,1,4.0,160.0,7,89000.0,70373.0
32894.0,1,5.0,220.0,7,85000.0,50333.0
38000.0,1,10.0,125.0,6,25000.0,24235.8
28000.0,1,10.0,100.0,6,23000.0,23409.61
14740.0,1,4.0,150.0,7,43000.0,61391.62
800.0,1,2.0,160.0,5,89000.0,91150.0
10850.0,1,4.0,135.0,7,38000.0,41467.363333333335
21000.0,1,7.0,110.0,5,30000.0,27980.0
16150.0,2,8.0,650.0,14,230000.0,284342.77
8000.0,2,6.0,250.0,14,150000.0,188890.0
18000.0,1,8.0,150.0,7,34000.0,33371.5
4300.0,1,5.0,200.0,10,174000.0,147176.0
13303.0,1,3.0,150.0,4,75000.0,101073.80952380951
11500.0,1,5.0,500.0,2,169999.0,144736.0
37000.0,1,5.0,150.0,7,46000.0,39950.19047619047
1470.0,1,4.0,1200.0,15,570350.0,1019750.0
8811.0,1,3.0,200.0,1,85000.0,76179.42
49309.0,1,13.0,125.0,4,21000.0,17016.21
6000.0,1,4.0,650.0,12,525000.0,517502.0
22174.0,1,5.0,100.0,7,22000.0,23525.0
16000.0,2,8.0,180.0,7,36000.0,36443.28
30334.0,4,7.0,220.0,7,37000.0,39159.94
16540.0,2,6.0,220.0,7,46500.0,55301.0
3208.0,1,4.0,350.0,2,150000.0,142437.57
17600.0,1,6.0,390.0,10,100000.0,146650.0
7000.0,1,4.0,300.0,9,235000.0,282678.0
24513.0,2,8.0,150.0,5,34400.0,45562.42333333334
17870.0,1,7.0,100.0,7,25000.0,22841.6
10500.0,1,5.0,350.0,2,120000.0,114228.33333333334
21537.0,1,5.0,350.0,2,113300.0,129253.38095238098
98056.0,1,7.0,500.0,2,100000.0,133680.4
8628.0,1,4.0,100.0,6,42500.0,43840.0
3000.0,1,6.0,150.0,4,86900.0,72952.0
2280.0,1,2.0,390.0,10,234000.0,219532.66
25000.0,1,4.0,220.0,7,65000.0,65131.5
25000.0,1,5.0,160.0,1,45000.0,50437.495
24000.0,1,5.0,150.0,8,60000.0,44908.8
39037.0,1,5.0,150.0,7,50000.0,36727.47
1500.0,1,2.0,650.0,2,280000.0,258900.0
233011.0,2,4.0,250.0,5,106000.0,98286.0
50000.0,1,6.0,110.0,5,25000.0,25236.7
29000.0,1,4.0,100.0,6,37000.0,37400.0
500.0,1,4.0,135.0,7,60000.0,47238.73
18303.0,1,3.0,100.0,6,35000.0,43900.0
5862.0,1,2.0,250.0,8,155000.0,175594.0
29700.0,1,5.0,220.0,7,51000.0,54900.0
21455.0,1,9.0,150.0,5,32000.0,42755.35
10000.0,1,7.0,223.0,6,90000.0,58109.0
21000.0,1,3.0,150.0,4,99700.0,96879.0
39023.0,1,14.0,100.0,7,14500.0,17054.5
75000.0,1,16.0,150.0,5,13700.0,14616.79
2472.0,1,5.0,750.0,15,439000.0,432817.0
10111.0,1,3.0,350.0,2,110000.0,124450.0
12432.0,1,3.0,100.0,6,46500.0,39542.99
2900.0,1,3.0,350.0,2,150000.0,145414.92857142855
15000.0,2,10.0,180.0,7,22800.0,27980.0
210.0,1,8.0,650.0,14,170000.0,361501.0
36000.0,3,11.0,110.0,5,27000.0,21056.69
27500.0,1,6.0,350.0,2,87000.0,118440.1619047619
7500.0,1,4.0,200.0,7,80000.0,94184.26
5800.0,1,3.0,350.0,2,160000.0,137297.0
40000.0,1,6.0,350.0,2,100000.0,86604.88
30000.0,1,10.0,350.0,2,75000.0,73627.78
36000.0,1,7.0,150.0,4,45612.0,45400.33333333332
44626.0,1,8.0,150.0,8,47000.0,29170.71
16969.0,1,17.0,350.0,2,60000.0,73752.99
43561.0,1,8.0,150.0,5,34500.0,44820.0
6000.0,1,3.0,200.0,1,110000.0,86830.0
21000.0,1,5.0,150.0,8,69600.0,51943.36666666666
22000.0,1,5.0,350.0,2,102700.0,129420.7142857143
9000.0,2,4.0,390.0,10,150000.0,199063.0133333333
22650.0,2,6.0,150.0,5,71800.0,40375.4
23000.0,1,5.0,150.0,4,66000.0,74663.0
8000.0,1,3.0,302.0,9,320000.0,288330.0
24451.0,1,4.0,100.0,7,31000.0,30615.0
26000.0,1,6.0,200.0,7,95000.0,84562.0
7500.0,1,4.0,390.0,10,212000.0,212825.55333333332
17799.0,1,6.0,110.0,6,25000.0,28410.0
16271.0,1,5.0,100.0,6,32000.0,33075.666666666664
29134.0,1,7.0,220.0,7,50000.0,50088.25
30000.0,1,5.0,350.0,2,100000.0,102384.99
477976.0,1,14.0,135.0,7,13500.0,18636.75
32000.0,1,4.0,150.0,4,90000.0,61455.5
23397.0,1,4.0,350.0,2,105000.0,105740.0
30000.0,1,6.0,150.0,7,55000.0,40504.71904761905
15306.0,2,13.0,350.0,2,66000.0,119272.5
4700.0,1,5.0,410.0,2,146000.0,139925.39
30000.0,2,10.0,100.0,6,21700.0,21484.362857142856
7000.0,1,6.0,390.0,10,140000.0,157902.19047619047
16025.0,2,9.0,250.0,5,76000.0,76907.21
9614.0,1,7.0,110.0,11,35000.0,22415.0
18000.0,1,7.0,125.0,5,26000.0,31883.0
82178.0,1,18.0,135.0,6,5000.0,15701.38
6500.0,1,5.0,200.0,10,160000.0,119406.0
29100.0,1,7.0,350.0,2,104000.0,97733.0
8800.0,1,5.0,150.0,7,62000.0,61343.99
52000.0,1,15.0,180.0,7,15000.0,16126.28
3490.0,1,3.0,200.0,6,72000.0,83074.0
30000.0,2,8.0,350.0,2,72000.0,81079.73333333334
7800.0,1,7.0,350.0,2,90000.0,94420.0
31634.0,1,8.0,150.0,7,25000.0,32428.779
5800.0,1,4.0,220.0,7,68000.0,80801.0
16800.0,1,3.0,500.0,2,140000.0,173387.0
17942.0,1,6.0,100.0,6,28000.0,28431.66666666667
7200.0,1,5.0,110.0,4,38800.0,41360.0
35000.0,1,7.0,200.0,7,55000.0,46990.85
7800.0,1,5.0,350.0,2,110000.0,107053.59047619048
4800.0,1,4.0,500.0,2,190000.0,136154.0
40000.0,1,9.0,350.0,2,89600.0,76509.73
14500.0,1,5.0,150.0,7,40000.0,47067.32
25000.0,1,10.0,150.0,7,29500.0,19000.0
23467.0,1,3.0,110.0,5,47000.0,45562.0
31586.0,1,8.0,150.0,4,28000.0,30832.46666666667
30947.0,1,4.0,110.0,6,35000.0,37525.0
4832.0,1,4.0,410.0,2,140000.0,132314.6
32734.0,1,6.0,220.0,7,55000.0,44218.0
33000.0,1,11.0,160.0,1,22500.0,29177.500000000004
46588.0,2,7.0,350.0,2,90000.0,89361.98
12131.0,1,3.0,160.0,1,90000.0,73507.41316666667
7000.0,1,3.0,350.0,2,149000.0,143614.0
13000.0,1,3.0,200.0,1,81000.0,91558.42
40700.0,1,5.0,220.0,7,50900.0,50220.0
9500.0,1,3.0,350.0,2,142000.0,127768.83333333334
37000.0,1,5.0,150.0,7,48500.0,39950.19047619047
18412.0,1,11.0,150.0,7,26000.0,26149.89
20000.0,1,3.0,220.0,7,65200.0,72870.66666666667
19000.0,1,3.0,390.0,10,214000.0,212948.88333333327
27044.0,1,6.0,500.0,2,130000.0,111239.9
6000.0,1,2.0,125.0,10,140000.0,120531.0
42945.0,1,15.0,100.0,7,9000.0,13617.94
15000.0,1,5.0,300.0,9,200000.0,201507.84
9396.0,1,3.0,125.0,5,42000.0,51283.25
8000.0,1,4.0,350.0,2,116100.0,127112.46612554115
7758.0,1,5.0,100.0,7,28000.0,29773.0
4000.0,1,5.0,390.0,10,200000.0,219050.0
12000.0,1,7.0,750.0,15,340000.0,326840.0
18120.0,1,5.0,350.0,2,110000.0,109666.0
8634.0,1,4.0,150.0,7,45000.0,50614.83333333334
7034.0,1,4.0,160.0,7,55000.0,64291.39238095239
20000.0,2,6.0,180.0,1,49999.0,44549.99
26000.0,1,3.0,150.0,7,67000.0,49809.0
5000.0,2,3.0,500.0,2,194999.0,161758.0
8400.0,1,2.0,350.0,2,137000.0,149860.0
65365.0,1,15.0,125.0,7,25500.0,16617.99
15000.0,1,7.0,350.0,2,86000.0,97073.04761904762
21249.0,1,3.0,110.0,1,38000.0,35659.0
25868.0,1,8.0,150.0,5,42000.0,50240.60666666667
28795.0,1,8.0,125.0,5,23000.0,29015.0
99999.0,1,7.0,150.0,4,33000.0,31561.0
16659.0,1,2.0,500.0,2,162000.0,184765.0
15148.0,1,4.0,350.0,2,120000.0,111781.33333333334
3000.0,1,3.0,250.0,10,178200.0,174034.27
29000.0,2,8.0,200.0,7,46000.0,46968.57
13190.0,1,4.0,350.0,2,100000.0,103650.0
31000.0,1,11.0,350.0,2,65800.0,63290.26
13496.0,2,8.0,150.0,4,35000.0,38521.45
25000.0,1,3.0,110.0,7,43000.0,37388.5
60000.0,4,18.0,350.0,2,35000.0,54896.18
18000.0,1,5.0,150.0,7,50000.0,39231.50000000001
21000.0,1,6.0,150.0,4,65000.0,45008.66666666666
70347.0,1,13.0,125.0,5,15000.0,17228.97
21578.0,1,6.0,180.0,1,36000.0,46350.86
16694.0,1,7.0,350.0,2,84000.0,93329.9325
7285.0,1,3.0,110.0,7,35000.0,40562.0
16500.0,1,3.0,350.0,2,130000.0,143150.56
11255.0,1,5.0,150.0,7,59000.0,56254.5119047619
20999.0,1,8.0,100.0,6,27000.0,28684.0
5073.0,1,5.0,350.0,2,110000.0,127140.06666666667
21000.0,1,8.0,150.0,5,43300.0,38432.37
53000.0,1,4.0,100.0,6,35000.0,40233.6
11000.0,1,4.0,350.0,2,140000.0,119658.33333333331
15000.0,1,6.0,160.0,5,50400.0,52528.0
15264.0,1,4.0,220.0,7,61500.0,71942.66666666667
39000.0,1,10.0,125.0,5,24990.0,21839.86
30000.0,1,6.0,150.0,7,45000.0,40504.71904761905
38752.0,1,9.0,100.0,7,23132.0,22733.3
9000.0,1,6.0,535.0,2,155000.0,128394.54
9090.0,1,4.0,150.0,8,83000.0,77798.60666666667
4831.0,1,3.0,200.0,7,110000.0,108960.0
8000.0,1,5.0,150.0,7,70000.0,54259.95
2525.0,1,4.0,150.0,7,44000.0,70268.0
24000.0,1,5.0,150.0,4,62000.0,78839.66333333333
24516.0,1,6.0,350.0,2,89000.0,87810.75
10533.0,1,6.0,110.0,5,34500.0,34610.0
9300.0,1,7.0,350.0,2,90400.0,95994.0
14900.0,1,3.0,350.0,2,115000.0,128801.0
1189.0,1,2.0,350.0,2,160000.0,156227.0
50000.0,2,7.0,150.0,7,34000.0,32319.46
5000.0,1,2.0,350.0,2,145000.0,161050.0
26592.0,1,4.0,220.0,7,66000.0,67700.0
7000.0,1,4.0,125.0,4,47000.0,50866.0
20349.0,1,5.0,150.0,7,51000.0,51386.79333333333
28000.0,1,4.0,100.0,6,33680.0,36290.0
12015.0,1,7.0,100.0,6,24000.0,30128.0
10000.0,1,5.0,220.0,7,58600.0,69991.08
8000.0,1,14.0,223.0,6,20400.0,21499.99
15369.0,1,3.0,100.0,7,29000.0,33823.96
24500.0,1,5.0,500.0,2,110000.0,119189.0
20000.0,1,4.0,350.0,2,105200.0,117234.29666666665
21389.0,1,12.0,150.0,6,10000.0,26062.09
1200.0,1,6.0,750.0,15,430000.0,421749.0
3500.0,1,5.0,220.0,7,55000.0,60443.75
17423.0,1,4.0,150.0,5,60000.0,74869.48333333334
19700.0,1,4.0,220.0,7,65000.0,59962.33333333333
25878.0,1,7.0,110.0,5,19000.0,29192.333333333336
55300.0,1,7.0,150.0,4,46728.0,45242.0
35000.0,1,7.0,150.0,5,27000.0,41237.85
14000.0,1,8.0,500.0,2,110000.0,114716.5
13000.0,1,5.0,300.0,9,225000.0,215810.39
23691.0,1,6.0,125.0,5,37000.0,33874.0
39858.0,1,11.0,150.0,7,19000.0,24212.456666666665
14144.0,2,8.0,200.0,10,71000.0,90948.0
53520.0,1,9.0,110.0,1,16000.0,24480.0
26811.0,1,6.0,350.0,2,108000.0,109606.38333333335
12785.0,2,12.0,150.0,4,32000.0,27301.0
52345.0,1,7.0,110.0,5,24000.0,26260.0
26110.0,1,8.0,220.0,7,34000.0,43207.82666666666
6900.0,1,5.0,390.0,10,180000.0,169301.33333333337
50000.0,1,12.0,350.0,2,90000.0,61400.42
18348.0,1,3.0,350.0,2,165000.0,151684.24
39500.0,1,7.0,150.0,7,36000.0,27168.94
17000.0,1,5.0,350.0,2,100000.0,105538.33333333331
33783.0,1,7.0,350.0,2,85000.0,93044.2
6900.0,1,2.0,150.0,4,105000.0,113866.33333333331
15558.0,1,4.0,150.0,7,55000.0,61722.66666666666
7600.0,1,6.0,220.0,7,60000.0,63222.33333333335
13000.0,1,6.0,150.0,4,75000.0,59295.0
16000.0,1,4.0,200.0,10,150000.0,130187.0
30000.0,1,9.0,125.0,5,22000.0,22648.940476190477
23719.0,1,5.0,350.0,2,120000.0,109135.8
20090.0,2,10.0,150.0,7,19000.0,30019.78
15000.0,1,11.0,100.0,6,23000.0,22950.0
30000.0,2,13.0,223.0,6,16900.0,26666.5
1120.0,1,2.0,150.0,4,102000.0,115035.0
29000.0,1,8.0,110.0,6,27100.0,28710.0
21540.0,2,10.0,350.0,2,83800.0,70954.6
140.0,1,3.0,160.0,5,87000.0,81190.0
12889.0,1,5.0,100.0,6,32000.0,36396.7
12643.0,1,5.0,500.0,2,140000.0,132114.42857142855
6363.0,1,3.0,150.0,4,47000.0,85313.33333333331
18000.0,1,4.0,110.0,1,33000.0,36228.4
17000.0,3,5.0,150.0,7,31000.0,49248.41904761904
8718.0,1,3.0,100.0,1,38000.0,41666.666666666664
33000.0,1,8.0,150.0,5,47100.0,43550.323333333334
8800.0,1,3.0,250.0,4,90000.0,104404.08
7400.0,1,6.0,750.0,15,400000.0,369354.83333333326
4600.0,1,4.0,400.0,7,147700.0,125494.92
15618.0,1,5.0,150.0,5,100000.0,74248.3
14000.0,2,7.0,350.0,2,90000.0,86487.0
1550.0,1,2.0,797.0,13,750000.0,730579.99
26000.0,1,4.0,150.0,8,67100.0,52668.5
19591.0,1,8.0,223.0,6,27000.0,41007.0
12500.0,1,3.0,350.0,2,115000.0,118320.0
78394.0,1,10.0,100.0,6,20000.0,19471.0
14000.0,1,5.0,150.0,7,60000.0,53420.3
32000.0,1,7.0,350.0,2,94049.0,111102.0
8100.0,1,4.0,200.0,7,62400.0,90432.76
9000.0,1,11.0,350.0,2,51600.0,75455.73
28500.0,1,5.0,220.0,7,57000.0,62909.98
17900.0,1,6.0,350.0,2,90000.0,104143.92857142857
40000.0,1,8.0,125.0,7,22000.0,22946.9
9463.0,1,4.0,250.0,4,110000.0,92936.04
27683.0,1,6.0,125.0,7,25000.0,27641.0
10000.0,1,3.0,350.0,2,90000.0,118150.0
28200.0,2,16.0,350.0,2,68500.0,64059.99
25866.0,1,9.0,180.0,7,25500.0,34408.0
22444.0,1,6.0,110.0,5,28000.0,33608.0
15000.0,1,8.0,150.0,4,58000.0,50690.0
45878.0,1,11.0,100.0,6,25000.0,23938.96
50000.0,1,7.0,150.0,7,21000.0,31839.54
280.0,1,3.0,200.0,7,138900.0,108235.0
7193.0,1,6.0,150.0,7,23000.0,62023.53571428572
22000.0,1,8.0,150.0,4,35000.0,39633.85
1200.0,1,3.0,410.0,2,150900.0,191930.0
24000.0,1,4.0,350.0,2,115000.0,121722.8
19696.0,1,5.0,200.0,10,106200.0,124811.97
35107.0,1,8.0,220.0,7,55000.0,39811.32000000001
17000.0,1,5.0,150.0,7,50000.0,54891.876190476185
4951.0,1,3.0,150.0,8,91000.0,85509.8
13680.0,1,9.0,150.0,5,40000.0,36661.0
21719.0,1,4.0,160.0,5,60000.0,57457.96
79000.0,1,12.0,125.0,7,16000.0,15369.09
74000.0,1,9.0,110.0,5,20000.0,21671.0
7500.0,1,4.0,125.0,5,58000.0,52480.0
5000.0,1,2.0,650.0,2,280000.0,277550.0
49500.0,1,8.0,125.0,7,20000.0,26254.0
18710.0,1,7.0,100.0,7,24000.0,22495.3
10000.0,1,5.0,180.0,1,68000.0,56944.0
44500.0,1,11.0,125.0,5,20000.0,28234.5
15080.0,1,5.0,350.0,2,95000.0,106343.5
17056.0,1,5.0,110.0,5,34500.0,39891.86666666667
2600.0,1,8.0,220.0,7,42000.0,43575.46
20238.0,1,10.0,110.0,1,16000.0,23750.0
13000.0,1,5.0,200.0,10,125000.0,96381.91333333334
6500.0,1,3.0,350.0,2,138000.0,143947.0
45949.0,1,4.0,160.0,1,50390.0,59099.08
2200.0,1,3.0,310.0,16,255000.0,320413.0
1500.0,1,5.0,750.0,15,445600.0,460407.0
33881.0,2,5.0,150.0,7,45000.0,41998.0
15000.0,1,6.0,220.0,7,60000.0,60996.0
60000.0,1,8.0,200.0,7,43600.0,42746.15
31000.0,1,6.0,150.0,7,42990.0,37521.57142857143
15000.0,1,6.0,220.0,7,40900.0,60996.0
2392.0,1,9.0,125.0,5,24000.0,23901.0
5550.0,1,5.0,390.0,10,134700.0,177516.0
74999.0,1,12.0,125.0,5,15000.0,17533.99
30000.0,1,7.0,500.0,2,101400.0,111865.78
16539.0,1,5.0,150.0,7,42000.0,60824.0
36000.0,1,5.0,100.0,1,28000.0,27006.36
11572.0,1,6.0,110.0,11,40000.0,36507.97
18748.0,1,8.0,150.0,4,28500.0,46953.619047619046
3000.0,1,2.0,200.0,6,76000.0,102358.0
37473.0,1,9.0,100.0,7,20000.0,20417.4
15000.0,1,5.0,100.0,6,25000.0,34451.33571428571
15001.0,1,8.0,100.0,7,19000.0,24670.0
9293.0,1,6.0,150.0,5,95000.0,77266.6
24869.0,1,5.0,150.0,7,31000.0,41429.0
91000.0,1,10.0,220.0,7,26900.0,30234.15
9200.0,1,6.0,125.0,7,36000.0,36756.0
1175.0,1,2.0,200.0,7,106000.0,116379.0
19309.0,1,5.0,150.0,7,55000.0,58460.0
15250.0,1,9.0,150.0,5,33000.0,36087.333333333336
6042.0,1,5.0,150.0,7,27000.0,47954.66
10455.0,1,5.0,150.0,7,44000.0,56921.0
86000.0,1,7.0,125.0,6,25000.0,25849.6
18000.0,2,5.0,150.0,8,45000.0,49809.36666666666
14600.0,2,5.0,250.0,9,110700.0,139035.0
14000.0,2,4.0,250.0,5,120000.0,106680.83333333334
7400.0,1,3.0,125.0,5,46000.0,57635.0
4500.0,1,3.0,390.0,10,210000.0,217316.0
6518.0,1,4.0,350.0,2,126000.0,134806.7011904762
32600.0,1,8.0,125.0,5,22000.0,26704.14
12000.0,1,4.0,400.0,7,114000.0,121646.0
7737.0,1,5.0,150.0,4,41000.0,76235.0
85086.0,1,14.0,160.0,1,15000.0,18294.333333333332
35251.0,1,12.0,180.0,7,28000.0,22729.999999999996
43003.0,1,9.0,220.0,7,48000.0,33895.0
25000.0,1,5.0,110.0,5,32000.0,42012.0
6500.0,1,5.0,150.0,6,42000.0,58864.64333333334
16051.0,1,6.0,250.0,14,175000.0,220077.0
6639.0,1,9.0,180.0,1,30000.0,34384.01
20000.0,1,9.0,200.0,7,46000.0,43048.0
14500.0,2,8.0,150.0,4,36000.0,46847.15
30000.0,1,4.0,150.0,7,42000.0,58861.16666666666
19750.0,1,5.0,390.0,10,148000.0,156020.0
80000.0,1,11.0,100.0,6,15000.0,19377.0
16000.0,1,5.0,150.0,7,59000.0,57768.0
5700.0,1,3.0,883.0,15,939200.0,716229.99
19000.0,1,5.0,350.0,2,120000.0,92070.38
11200.0,1,3.0,350.0,2,130000.0,131648.99999999997
24675.0,1,5.0,150.0,7,51000.0,38460.0
20000.0,1,9.0,100.0,6,24000.0,25890.0
38000.0,1,9.0,150.0,7,25000.0,24072.0
21651.0,1,9.0,500.0,2,115000.0,103699.18
35000.0,1,10.0,220.0,7,32000.0,29034.0
22700.0,1,7.0,200.0,7,55000.0,48155.0
26083.0,1,8.0,110.0,6,22000.0,29620.0
2500.0,2,4.0,750.0,15,395000.0,435564.0
28135.0,1,7.0,220.0,7,48500.0,50029.75
7965.0,1,6.0,390.0,10,160000.0,156992.19047619047
26000.0,1,8.0,125.0,5,27500.0,28229.98
8000.0,1,3.0,125.0,6,60000.0,57000.55
28785.0,1,10.0,160.0,1,30000.0,27176.0
21533.0,1,5.0,350.0,2,111100.0,129253.38095238098
10000.0,1,2.0,200.0,10,168000.0,177376.0
17100.0,1,4.0,160.0,5,62000.0,73614.8
14000.0,1,7.0,220.0,7,50300.0,49959.58333333334
24000.0,1,8.0,125.0,6,25000.0,27274.92
8000.0,1,5.0,110.0,1,35000.0,36534.0
24581.0,1,4.0,150.0,4,60000.0,58058.74499999999
19300.0,1,3.0,900.0,12,830000.0,766569.97
16932.0,1,7.0,350.0,2,95000.0,87340.0
7300.0,1,2.0,350.0,2,148000.0,137940.0
30000.0,1,11.0,220.0,7,35000.0,29535.0
49730.0,1,11.0,100.0,1,8100.0,15468.571428571428
34409.0,1,7.0,110.0,11,18700.0,28217.0
42000.0,1,10.0,135.0,7,18000.0,25589.16
7500.0,1,4.0,150.0,4,72000.0,83630.0
41939.0,1,8.0,200.0,7,48000.0,45354.98
10909.0,1,5.0,110.0,5,32000.0,37184.35
22271.0,1,6.0,200.0,7,80000.0,65165.46
14560.0,1,7.0,150.0,4,58000.0,67233.0
18500.0,1,7.0,223.0,6,45000.0,35512.0
16000.0,1,5.0,160.0,1,60000.0,43269.74
49000.0,1,11.0,150.0,5,30000.0,22794.0
34000.0,1,6.0,500.0,2,120000.0,113917.8
20314.0,1,4.0,150.0,7,65000.0,45380.96
20000.0,1,7.0,125.0,7,29900.0,21851.28
20000.0,1,8.0,100.0,7,29499.0,21453.96
16999.0,1,9.0,100.0,6,18000.0,20465.0
34000.0,1,11.0,150.0,4,40000.0,38462.49999999999
3400.0,1,4.0,150.0,7,70000.0,59562.0
2500.0,1,2.0,200.0,1,93500.0,104685.35
24000.0,1,10.0,250.0,5,95000.0,81955.03333333333
17308.0,1,10.0,100.0,6,22000.0,22285.0
29857.0,1,5.0,150.0,7,37000.0,48026.07049617048
26429.0,1,4.0,400.0,7,106000.0,118703.09523809522
39000.0,1,8.0,150.0,4,29700.0,46564.6
19500.0,1,6.0,500.0,2,165000.0,120634.0
21543.0,1,3.0,150.0,8,70000.0,74673.0
150000.0,1,16.0,100.0,6,20000.0,14175.6
21620.0,1,3.0,200.0,1,75500.0,71707.0
285.0,1,5.0,250.0,14,230000.0,239208.25
26403.0,1,7.0,110.0,6,30856.0,30470.99
5469.0,1,3.0,100.0,6,49000.0,44095.0
7530.0,1,5.0,350.0,2,125000.0,109445.28571428571
6000.0,1,4.0,390.0,10,215000.0,220196.52
17250.0,3,8.0,150.0,7,28000.0,28250.78
9572.0,1,9.0,350.0,2,58000.0,75004.0
18800.0,1,4.0,150.0,7,60000.0,50629.68
28081.0,2,6.0,220.0,7,48000.0,47557.42
12728.0,1,5.0,150.0,5,58000.0,66341.28333333333
12000.0,1,6.0,100.0,6,32000.0,30480.0
10600.0,1,5.0,320.0,4,200000.0,193481.82333333333
39000.0,1,7.0,350.0,2,95000.0,86591.99
11000.0,1,5.0,350.0,2,147000.0,127096.06666666668
20000.0,2,9.0,200.0,10,68000.0,88092.0
28000.0,1,5.0,350.0,2,119600.0,102928.22333333333
16000.0,1,5.0,150.0,7,37300.0,57768.0
10500.0,1,5.0,220.0,7,50000.0,65559.93
33360.0,1,5.0,410.0,2,120000.0,123546.25
18500.0,1,4.0,350.0,2,115000.0,118632.0
58000.0,1,10.0,100.0,1,12200.0,19510.0
5000.0,1,5.0,220.0,7,73000.0,58053.91666666666
11760.0,1,3.0,100.0,6,46000.0,43990.0
4195.0,1,2.0,100.0,6,55000.0,54960.0
17000.0,1,6.0,200.0,7,80000.0,80779.07142857142
23208.0,1,6.0,125.0,5,25800.0,34925.0
11072.0,1,8.0,500.0,2,105000.0,96664.8
26460.0,1,8.0,110.0,11,25000.0,23106.166666666664
21228.0,1,10.0,125.0,5,35000.0,25525.0
51875.0,1,9.0,160.0,1,26000.0,32542.52
18000.0,1,4.0,200.0,10,186300.0,127480.16666666666
20000.0,1,4.0,350.0,2,121000.0,117234.29666666665
18000.0,2,9.0,110.0,6,23000.0,22976.656666666666
3200.0,1,4.0,150.0,8,84000.0,76635.99
50000.0,2,7.0,150.0,6,25000.0,36363.09
16000.0,1,5.0,821.0,13,600000.0,673086.0
9063.0,1,10.0,100.0,6,22000.0,23385.0
36100.0,1,6.0,220.0,7,45000.0,51730.66666666667
29860.0,1,7.0,350.0,2,82000.0,83175.0
36273.0,1,8.0,150.0,7,35000.0,25581.28333333333
1600.0,1,6.0,350.0,2,110000.0,114000.0
51791.0,1,6.0,250.0,14,120000.0,155110.6
3400.0,1,4.0,500.0,2,175000.0,158470.01
17617.0,1,4.0,200.0,1,75000.0,70758.0
5400.0,1,5.0,100.0,1,34000.0,35195.52
37230.0,1,12.0,100.0,7,18000.0,17292.69
11574.0,1,3.0,200.0,7,90000.0,98396.42
13000.0,1,8.0,500.0,2,109500.0,113269.3
22000.0,1,6.0,200.0,7,98900.0,59405.01
14000.0,2,6.0,350.0,2,105000.0,104424.0
20313.0,1,15.0,100.0,6,18000.0,24820.0
11000.0,1,6.0,100.0,6,40000.0,29585.0
10500.0,1,5.0,125.0,1,21500.0,31690.6
23688.0,1,3.0,350.0,2,135000.0,134050.0
52198.0,1,2.0,160.0,1,82000.0,75720.0
40000.0,1,4.0,180.0,1,65000.0,58724.19333333333
10000.0,1,6.0,500.0,2,150000.0,137870.0
72300.0,1,14.0,150.0,7,11500.0,18085.77
5000.0,1,6.0,250.0,14,160000.0,204708.5
14604.0,1,4.0,100.0,6,32000.0,37221.35
11892.0,1,9.0,100.0,6,25000.0,26709.0
66000.0,1,23.0,110.0,1,100000.0,27245.05
3500.0,1,4.0,150.0,4,73000.0,72335.0
16000.0,1,5.0,200.0,7,81700.0,84427.5
14802.0,1,3.0,150.0,8,71000.0,72380.66666666667
71496.0,1,11.0,180.0,7,27500.0,21081.57
1380.0,1,2.0,410.0,2,184000.0,192830.0
748.0,1,2.0,150.0,4,97000.0,119570.0
31000.0,1,6.0,200.0,10,90000.0,89617.0
30000.0,1,11.0,350.0,2,70000.0,67990.0
2000.0,1,5.0,750.0,15,450000.0,444349.0
8000.0,1,5.0,135.0,7,48500.0,38355.0
41118.0,1,12.0,100.0,6,19000.0,24808.66666666667
21500.0,1,9.0,150.0,5,22100.0,42755.35
68000.0,2,7.0,223.0,6,55786.0,39180.36
31216.0,1,5.0,500.0,2,114000.0,123553.75
22000.0,1,4.0,100.0,6,39000.0,37210.0
30000.0,2,5.0,150.0,4,35000.0,67800.0
15961.0,1,8.0,500.0,2,76000.0,102284.0
25000.0,1,7.0,220.0,7,65000.0,49503.95
9000.0,1,4.0,200.0,10,126000.0,146753.0
25876.0,1,5.0,150.0,7,47000.0,47880.0
5080.0,1,4.0,110.0,5,40000.0,46746.0
15000.0,1,6.0,220.0,7,53000.0,60996.0
1487.0,1,6.0,650.0,14,307194.0,378475.0
47204.0,1,13.0,135.0,7,17000.0,16729.74
3600.0,1,5.0,150.0,7,67000.0,58666.0
29250.0,1,5.0,150.0,7,52500.0,43126.37157287157
750000.0,1,10.0,100.0,6,18000.0,18437.0
86283.0,3,10.0,150.0,7,25000.0,24116.58
18218.0,1,11.0,100.0,6,20000.0,20000.0
6344.0,1,3.0,200.0,10,175000.0,160354.0
19000.0,1,5.0,200.0,7,90000.0,97114.66666666669
13000.0,1,7.0,150.0,4,39000.0,54256.15
2750.0,1,2.0,125.0,5,65000.0,63020.55
13551.0,1,13.0,125.0,6,16000.0,18693.0
17000.0,1,7.0,150.0,5,50000.0,56598.0
33156.0,1,5.0,150.0,7,42000.0,44578.0
24000.0,1,7.0,500.0,2,110000.0,103928.5
10637.0,1,3.0,110.0,5,40000.0,46923.33333333334
26545.0,1,9.0,200.0,10,65000.0,83945.0
15000.0,1,5.0,100.0,6,39000.0,34451.33571428571
22000.0,1,8.0,150.0,4,65000.0,39633.85
7456.0,1,3.0,180.0,7,80000.0,66765.37333333332
22000.0,1,10.0,160.0,1,26500.0,30201.0
14500.0,1,5.0,150.0,7,60000.0,47067.32
11306.0,1,3.0,350.0,2,150000.0,135665.66666666666
14500.0,1,4.0,390.0,10,170000.0,169325.98
35000.0,1,12.0,150.0,7,19800.0,21279.33333333333
17663.0,1,3.0,100.0,7,37000.0,34666.98
24614.0,1,10.0,100.0,7,25000.0,19771.0
100000.0,2,11.0,150.0,4,17000.0,23125.46
18000.0,1,8.0,500.0,2,95000.0,105181.5
23019.0,1,4.0,100.0,7,31000.0,31530.0
15775.0,1,5.0,125.0,4,25000.0,27769.0
20482.0,2,4.0,160.0,1,60000.0,49927.72
49000.0,2,7.0,200.0,7,41300.0,45601.61
10400.0,1,4.0,350.0,2,110000.0,132133.3333333333
26000.0,1,6.0,350.0,2,100000.0,102966.88333333332
26454.0,1,3.0,180.0,1,65000.0,70845.0
20000.0,1,6.0,200.0,7,103300.0,66193.59
6193.0,1,6.0,220.0,7,60000.0,56843.75
14000.0,1,3.0,310.0,1,205000.0,188374.0
16900.0,1,8.0,100.0,6,30000.0,30800.166666666664
7684.0,1,2.0,200.0,7,105000.0,111224.73
15255.0,1,3.0,150.0,8,90000.0,72103.0
16000.0,2,5.0,200.0,7,110000.0,87433.47
7000.0,1,3.0,350.0,2,135000.0,143614.0
28586.0,1,5.0,100.0,6,30000.0,39818.0
40000.0,1,8.0,220.0,7,35300.0,43244.9275
17000.0,1,8.0,150.0,6,25300.0,29572.5
18000.0,3,8.0,150.0,4,65000.0,44615.90476190476
9300.0,1,5.0,150.0,4,105000.0,72210.0
11514.0,1,3.0,500.0,2,135000.0,168021.0
29000.0,1,12.0,100.0,7,17300.0,16756.0
8000.0,1,5.0,200.0,10,135000.0,114678.0
40000.0,1,6.0,150.0,6,40000.0,51913.0
30000.0,2,10.0,100.0,6,23000.0,21484.362857142856
14333.0,1,10.0,110.0,1,12000.0,22382.0
18255.0,1,5.0,150.0,7,55000.0,40667.66666666667
8241.0,1,9.0,160.0,1,40000.0,33985.0
7500.0,1,4.0,400.0,7,140000.0,134672.99
17000.0,1,5.0,125.0,5,54000.0,43309.6
62000.0,2,15.0,125.0,6,16580.0,14891.99
27000.0,1,5.0,150.0,7,48000.0,44719.33
51000.0,1,9.0,125.0,5,30000.0,26595.0
4362.0,1,2.0,250.0,10,185000.0,184444.3
43000.0,1,9.0,125.0,7,25000.0,23723.2
2463.0,1,3.0,220.0,7,90000.0,75150.0
15929.0,1,3.0,160.0,1,85000.0,79544.4825
9300.0,1,10.0,350.0,2,65000.0,74826.99
15900.0,2,5.0,500.0,2,128700.0,98276.5
15000.0,1,5.0,125.0,6,42000.0,38220.3
16000.0,1,10.0,1200.0,13,680000.0,960949.85
23560.0,1,9.0,100.0,7,23000.0,19341.499999999996
23980.0,1,5.0,150.0,7,47000.0,41170.0
12500.0,1,6.0,220.0,7,55000.0,58723.0
13175.0,2,5.0,150.0,4,73000.0,64200.2
19346.0,1,4.0,150.0,7,26000.0,52606.8
26000.0,1,8.0,100.0,7,20400.0,22444.5
23824.0,1,8.0,100.0,6,21000.0,30009.99
14495.0,1,3.0,150.0,8,98000.0,71798.82666666668
15000.0,1,3.0,150.0,4,65000.0,101970.66666666666
20986.0,1,4.0,350.0,2,125000.0,110840.80357142855
33144.0,1,14.0,350.0,2,70000.0,64907.78
18300.0,1,9.0,110.0,6,24000.0,21504.5
5000.0,1,3.0,300.0,11,107000.0,134260.0
13000.0,1,3.0,180.0,7,72000.0,72706.14666666667
3800.0,1,7.0,1300.0,8,1250000.0,1037460.0
38554.0,1,10.0,100.0,6,17500.0,24102.0
32800.0,1,7.0,150.0,7,38000.0,35046.0
9382.0,1,5.0,390.0,10,180000.0,163290.0
1501.0,1,2.0,100.0,7,40000.0,41315.0
5000.0,1,6.0,250.0,14,160000.0,204708.5
22783.0,1,10.0,150.0,4,19000.0,30864.3
6000.0,1,2.0,300.0,12,310000.0,254917.0
16000.0,1,8.0,125.0,5,24000.0,28685.0
15500.0,2,4.0,150.0,8,58500.0,72754.0
11824.0,1,3.0,100.0,6,35500.0,47920.0
15000.0,1,4.0,200.0,10,128000.0,134648.1066666667
1174.0,2,3.0,750.0,15,450000.0,490651.0
45000.0,1,6.0,350.0,2,85000.0,94104.7
15200.0,1,5.0,350.0,2,137300.0,103542.49999999999
15418.0,2,10.0,350.0,2,82000.0,86508.66
8000.0,1,6.0,350.0,2,180000.0,96895.82
2700.0,1,6.0,200.0,7,85000.0,102653.0
15000.0,1,4.0,160.0,5,65000.0,66054.08333333333
100670.0,1,5.0,350.0,2,110000.0,97440.0
14854.0,1,7.0,150.0,4,70000.0,45393.0
14500.0,1,5.0,350.0,2,100000.0,104248.16666666666
17600.0,1,5.0,125.0,5,40000.0,41091.2
28411.0,1,7.0,500.0,2,70000.0,113135.25
27350.0,1,8.0,150.0,7,38000.0,29241.745
13400.0,1,4.0,390.0,10,160000.0,177554.88
9000.0,1,6.0,750.0,15,428600.0,405136.0
14000.0,1,5.0,350.0,2,110000.0,109362.0
45000.0,1,7.0,350.0,2,86700.0,92228.13583333333
23000.0,1,5.0,200.0,10,95000.0,114247.51
54990.0,1,6.0,220.0,7,48000.0,44457.84999999999
22000.0,1,12.0,100.0,6,21000.0,19260.51
28000.0,1,9.0,125.0,5,18000.0,22695.0
16439.0,2,6.0,350.0,2,85000.0,92393.0
70000.0,1,8.0,125.0,5,16000.0,22335.0
28000.0,1,3.0,200.0,7,110000.0,95243.0
35053.0,1,5.0,150.0,8,50000.0,49267.0
9319.0,1,4.0,150.0,7,53000.0,60856.66666666666
17870.0,1,7.0,110.0,1,32000.0,25758.0
30862.0,1,5.0,180.0,1,42000.0,61443.38
11000.0,2,10.0,350.0,2,71000.0,69242.64
18000.0,1,7.0,150.0,4,30000.0,44518.33333333334
18184.0,1,8.0,100.0,7,28000.0,25307.82
19300.0,2,4.0,150.0,8,38000.0,57516.0
3538.0,1,7.0,350.0,2,125000.0,91886.83333333331
30000.0,1,7.0,220.0,7,50000.0,50983.25
46182.0,1,8.0,180.0,1,28000.0,37333.0
51137.0,1,7.0,390.0,10,125000.0,120480.0
9500.0,1,4.0,300.0,9,230000.0,237825.34666666665
9772.0,1,3.0,200.0,1,93000.0,76407.02
10500.0,1,5.0,150.0,4,100000.0,67655.0
12000.0,1,5.0,150.0,4,60000.0,73039.2
6646.0,1,6.0,350.0,2,112000.0,96578.57
42083.0,1,13.0,150.0,7,12000.0,21805.36
30040.0,1,4.0,150.0,8,65000.0,56740.26666666666
34028.0,1,6.0,125.0,7,30000.0,28471.0
9200.0,1,4.0,200.0,1,65000.0,81839.0
20600.0,1,6.0,350.0,2,101700.0,102310.0
85000.0,1,14.0,150.0,6,25000.0,18686.93
51319.0,1,18.0,350.0,2,75000.0,58650.98
19000.0,1,3.0,160.0,1,75000.0,77077.0
20885.0,1,14.0,180.0,1,24000.0,19634.99
16123.0,1,4.0,100.0,6,40000.0,40668.19
39000.0,1,5.0,220.0,7,45000.0,50311.0
32737.0,1,5.0,500.0,2,102000.0,124922.75
13500.0,1,4.0,200.0,7,70000.0,89125.0
6400.0,1,4.0,180.0,1,78000.0,65581.0
30000.0,1,8.0,150.0,7,29200.0,34650.205
26886.0,1,10.0,100.0,6,17000.0,23041.87
20385.0,1,10.0,100.0,6,26500.0,28110.0
22917.0,1,9.0,150.0,4,25000.0,28649.98333333333
25000.0,1,4.0,390.0,10,200000.0,156463.0
800.0,1,3.0,250.0,4,110000.0,132350.0
12833.0,1,3.0,180.0,7,74084.0,72755.98666666666
20400.0,1,4.0,125.0,7,35740.0,36555.21
8500.0,1,5.0,350.0,2,128000.0,115316.3
14640.0,1,5.0,350.0,2,117000.0,88231.5
36000.0,1,6.0,125.0,5,34400.0,31102.0
6000.0,1,4.0,150.0,8,85000.0,81602.15
21977.0,1,7.0,350.0,2,85000.0,91794.01904761906
21800.0,1,5.0,390.0,10,169100.0,154927.0
5400.0,1,3.0,110.0,1,44000.0,47351.0
19000.0,4,37.0,350.0,2,85990.0,111090.0
17105.0,1,6.0,100.0,6,35000.0,33879.0
7840.0,1,5.0,150.0,7,46000.0,53639.95
2600.0,1,4.0,350.0,2,123800.0,131637.0
61122.0,1,17.0,100.0,6,23000.0,14270.95
33807.0,2,7.0,220.0,7,43000.0,46365.28
27300.0,1,6.0,150.0,5,78000.0,55573.41
25240.0,1,6.0,200.0,7,70000.0,80768.57142857142
1234.0,2,7.0,220.0,7,50000.0,47330.0
19000.0,1,6.0,223.0,6,65000.0,56677.0
9338.0,1,5.0,100.0,6,32000.0,33982.0
14892.0,1,4.0,100.0,6,50000.0,40224.56
9500.0,1,7.0,220.0,7,50000.0,66969.0
15000.0,1,11.0,1000.0,5,799000.0,762629.58
146642.0,1,7.0,500.0,2,82000.0,134014.4
3000.0,1,6.0,250.0,14,170000.0,199138.5
8010.0,1,4.0,150.0,4,62000.0,62446.5
26000.0,1,8.0,125.0,7,30000.0,23297.333333333336
10000.0,1,3.0,100.0,6,46000.0,46562.33333333333
18007.0,1,5.0,220.0,7,57000.0,56900.0
1400.0,1,4.0,110.0,11,35000.0,83374.9
35000.0,1,7.0,125.0,7,24000.0,26033.75
7500.0,1,3.0,400.0,7,120000.0,153140.0
5000.0,1,3.0,200.0,7,87000.0,111334.0
45000.0,1,8.0,350.0,2,70000.0,82402.0
18140.0,1,3.0,500.0,2,170000.0,172490.0
21963.0,1,4.0,180.0,1,67000.0,52312.88
100000.0,1,14.0,350.0,2,60300.0,67778.0
12000.0,1,3.0,650.0,12,526300.0,481375.08
52018.0,1,7.0,100.0,7,17500.0,25030.0
20000.0,1,6.0,110.0,1,28980.0,23875.66666666667
16803.0,1,6.0,100.0,6,25000.0,33176.0
33172.0,1,8.0,100.0,6,35000.0,29417.45
27000.0,1,6.0,160.0,5,45000.0,46529.15
40000.0,2,5.0,125.0,6,30000.0,28300.5
20200.0,1,5.0,350.0,2,136000.0,102734.76190476191
20000.0,1,10.0,100.0,6,15600.0,26973.16666666667
66731.0,1,3.0,100.0,7,38000.0,32010.0
9600.0,1,5.0,150.0,7,48999.0,39402.083333333336
1650.0,1,2.0,350.0,2,155000.0,142435.0
32000.0,1,13.0,150.0,6,18000.0,17272.4
34000.0,1,10.0,150.0,6,21000.0,23645.0
44000.0,1,6.0,160.0,1,45000.0,47383.41
96046.0,1,4.0,350.0,2,130000.0,103900.0
49600.0,1,9.0,150.0,4,63098.0,40252.0
35000.0,1,6.0,100.0,6,38000.0,26930.0
11063.0,1,6.0,200.0,7,85000.0,96444.22142857141
7130.0,1,5.0,320.0,4,220000.0,165944.42
15000.0,2,9.0,200.0,7,60000.0,40391.0
33300.0,1,8.0,390.0,10,95000.0,124286.0
35550.0,1,11.0,100.0,6,18000.0,20181.69
18000.0,1,4.0,200.0,7,108400.0,96686.03333333334
47543.0,1,8.0,125.0,7,17000.0,27537.0
1123.0,1,2.0,125.0,4,62000.0,57019.8
18000.0,1,9.0,100.0,7,23000.0,26319.166666666664
9450.0,1,8.0,500.0,2,103000.0,103899.0
25000.0,1,7.0,220.0,7,40000.0,49503.95
18832.0,1,5.0,350.0,2,115000.0,100235.0
600.0,1,5.0,750.0,15,430000.0,463560.0
14736.0,1,8.0,100.0,1,17500.0,24168.6
3600.0,1,5.0,150.0,4,55000.0,74975.33333333334
35422.0,1,5.0,500.0,2,121000.0,124152.75
10687.0,1,5.0,200.0,7,75000.0,85984.76333333332
58000.0,1,8.0,150.0,5,39700.0,45955.74
7000.0,1,5.0,150.0,4,103000.0,80266.47
78882.0,1,18.0,100.0,6,14500.0,18332.29
34000.0,1,20.0,100.0,6,15000.0,17053.0
14000.0,1,4.0,500.0,2,179000.0,136350.0
25757.0,1,8.0,125.0,6,27500.0,32500.0
18000.0,1,5.0,100.0,6,35000.0,31834.0
58000.0,1,10.0,100.0,6,21000.0,22205.0
41090.0,2,4.0,150.0,7,36800.0,53517.35
13208.0,1,10.0,500.0,2,120000.0,101213.8
21000.0,1,4.0,135.0,7,45400.0,38008.486666666664
27000.0,1,4.0,883.0,15,540000.0,795975.0
11000.0,1,6.0,390.0,10,140000.0,142430.0
44409.0,1,7.0,150.0,7,35000.0,32478.04
17408.0,1,6.0,220.0,7,70000.0,68534.0
12000.0,1,5.0,350.0,2,118000.0,123538.96190476192
27161.0,1,8.0,100.0,7,20800.0,23534.33333333333
10000.0,1,6.0,200.0,10,140000.0,137806.0
15200.0,1,6.0,160.0,5,55000.0,52379.99
45000.0,1,10.0,150.0,7,25000.0,30073.16666666667
12000.0,1,6.0,390.0,10,150000.0,135300.0
6000.0,1,3.0,100.0,7,36400.0,35240.0
35006.0,1,5.0,500.0,2,110000.0,124152.75
32000.0,1,7.0,220.0,7,54000.0,52432.0
32000.0,1,7.0,135.0,7,30000.0,25735.0
33000.0,1,10.0,100.0,6,30000.0,25177.0
67614.0,1,10.0,125.0,8,16000.0,21020.0
22000.0,1,7.0,150.0,7,42000.0,26419.98
48000.0,2,8.0,125.0,5,15000.0,27773.0
